{"cameraMode":{"drawMode":0,"name":"Shaded","section":"Shading Mode"},"sceneLighting":true,"audioPlay":false,"sceneViewState":{"m_AlwaysRefresh":false,"showFog":true,"showSkybox":true,"showFlares":true,"showImageEffects":true,"showParticleSystems":true,"showVisualEffectGraphs":true,"m_FxEnabled":true},"in2DMode":false,"pivot":{"x":-0.10879339277744293,"y":0.1044536679983139,"z":0.3788548409938812},"rotation":{"x":0.08276300132274628,"y":0.16697993874549867,"z":0.013775479048490525,"w":-0.9825057983398438},"size":0.04906661435961723,"orthographic":false}