{"cameraMode":{"drawMode":0,"name":"Shaded","section":"Shading Mode"},"sceneLighting":true,"audioPlay":false,"sceneViewState":{"m_AlwaysRefresh":false,"showFog":true,"showSkybox":true,"showFlares":true,"showImageEffects":true,"showParticleSystems":true,"showVisualEffectGraphs":true,"m_FxEnabled":true},"in2DMode":false,"pivot":{"x":-0.12238222360610962,"y":0.14065322279930116,"z":0.2991807758808136},"rotation":{"x":-0.14409121870994569,"y":0.7067530155181885,"z":-0.15109507739543916,"w":-0.6761161684989929},"size":0.01611257903277874,"orthographic":false}