{"cameraMode":{"drawMode":0,"name":"Shaded","section":"Shading Mode"},"sceneLighting":true,"audioPlay":false,"sceneViewState":{"m_AlwaysRefresh":false,"showFog":true,"showSkybox":true,"showFlares":true,"showImageEffects":true,"showParticleSystems":true,"showVisualEffectGraphs":true,"m_FxEnabled":true},"in2DMode":false,"pivot":{"x":-0.03350086137652397,"y":0.005578376352787018,"z":0.33564668893814089},"rotation":{"x":-0.03990303352475166,"y":-0.0024074336979538204,"z":-0.00006090115130064078,"w":-0.9992793798446655},"size":0.22144636511802674,"orthographic":false}