{"cameraMode":{"drawMode":0,"name":"Shaded","section":"Shading Mode"},"sceneLighting":true,"audioPlay":false,"sceneViewState":{"m_AlwaysRefresh":false,"showFog":true,"showSkybox":true,"showFlares":true,"showImageEffects":true,"showParticleSystems":true,"showVisualEffectGraphs":true,"m_FxEnabled":true},"in2DMode":false,"pivot":{"x":-0.09425053000450134,"y":-0.03207099437713623,"z":0.48632994294166567},"rotation":{"x":-0.1747136265039444,"y":0.046614792197942737,"z":-0.008622829802334309,"w":-0.9835940003395081},"size":0.17759402096271516,"orthographic":false}