{"cameraMode":{"drawMode":0,"name":"Shaded","section":"Shading Mode"},"sceneLighting":true,"audioPlay":false,"sceneViewState":{"m_AlwaysRefresh":false,"showFog":true,"showSkybox":true,"showFlares":true,"showImageEffects":true,"showParticleSystems":true,"showVisualEffectGraphs":true,"m_FxEnabled":true},"in2DMode":false,"pivot":{"x":0.0872475653886795,"y":0.05087803304195404,"z":0.4644427001476288},"rotation":{"x":-0.06177195906639099,"y":-0.016181422397494317,"z":0.0007706728647463024,"w":-0.9980506300926209},"size":0.32131558656692507,"orthographic":false}